Title,Description,Company,Salary From,Salary To,Currency,Offer URL,Technologies,Added At
FrontEnd Developer (Travel industry),,Cyclad Sp. z o.o.,16000,28000,PLN,,"Angular,TypeScript,HTML,CSS,AWS",Oferty pracy na stanowisko Frontend Developer
Flutter Frontend Developer (m/f/x),,Fabit,unknown,unknown,unknown,,Frontend development,Oferty pracy na stanowisko Frontend Developer
Frontend Developer,,BrainForge IT,unknown,unknown,unknown,,"JavaScript,React",Oferty pracy na stanowisko Frontend Developer
Frontend Cloud Streaming Developer – React Immersive,,Baldur Connect,5000,6600,EUR,,JavaScript,Oferty pracy na stanowisko Frontend Developer
Senior Software Developer,,"DTP, Digital Technology Poland",unknown,unknown,unknown,,,Oferty pracy na stanowisko Frontend Developer
ServiceNow Vulnerability Response Developer,,Sii Polska,unknown,unknown,unknown,,"ServiceNow,Vulnerability",Oferty pracy na stanowisko Frontend Developer
ServiceNow Developer,,Sii Polska,unknown,unknown,unknown,,"AngularJS,CSS,JavaScript,REST,SOAP",Oferty pracy na stanowisko Frontend Developer
Front-End Developer,,"DTP, Digital Technology Poland",unknown,unknown,unknown,,,Oferty pracy na stanowisko Frontend Developer
AEM Developer,,"DTP, Digital Technology Poland",unknown,unknown,unknown,,,Oferty pracy na stanowisko Frontend Developer
Frontend Greenfield Engineer - code Digitalization for All,,Baldur Connect,5000,8300,EUR,,JavaScript,Oferty pracy na stanowisko Frontend Developer
Frontend Development,"NET MVC Framework, especially MVC 4.
 Looking for Entry, Mid, and Senior level web developer applicants.
 Ability to write HTML & SCSS code from scratch.",iNET-Web,unknown,unknown,unknown,https://www.indeed.com/rc/clk?jk=222366d365897cd9&fccid=6e0d672947f5eee4&vjs=3,,2023-09-06
Frontend Software Engineer I,"The Experienced engineer uses code to develop visual experiences; web, mobile and other UIs.
 An engineer is responsible for understanding business problems,…",Bread Financial,unknown,unknown,unknown,https://www.indeed.com/rc/clk?jk=1169d0350aa032e1&fccid=9edcedb2997876d2&vjs=3,,2023-09-15
"Frontend Engineer, Campaign Creation Core","3+ years of non-internship professional front end, web or mobile software development using JavaScript, HTML and CSS experience.",Amazon.com Services LLC,unknown,unknown,unknown,https://www.indeed.com/rc/clk?jk=ec456fdf0fd3a325&fccid=fe2d21eef233e94a&vjs=3,,2023-10-03
"Senior Engineer I - International Digital Commerce (SFCC, Frontend)","Work closely with onsite and remote frontend, backend and operations engineers to ensure deliverables are well-documented, secure and resilient.",Lululemon,unknown,unknown,unknown,https://www.indeed.com/rc/clk?jk=0bc179771f102a81&fccid=43f0f7dbd55927e9&vjs=3,,2023-10-06
Frontend Developer,"Build and maintain user-friendly, data-rich JavaScript/HTML/CSS applications.
 Bind our front-end and back-end services together.",Practical Logix,unknown,unknown,unknown,https://www.indeed.com/rc/clk?jk=481f6402388d02c5&fccid=dd616958bd9ddc12&vjs=3,,2023-09-06
Senior Frontend Engineer,"Frontend Architecture: Design and implement scalable and maintainable frontend architecture, ensuring modular and reusable code components using VueJS.",Reorg Research,unknown,unknown,unknown,https://www.indeed.com/rc/clk?jk=feac6962376ff382&fccid=c77b6bd0f9166ba4&vjs=3,,2023-09-15
Middle Frontend Developer ReactJS/ Remote,"As a Middle Frontend Developer, you will be part of an agile team with Backend and Front-End developers, Product Owners, and QA engineers.",HRS,unknown,unknown,unknown,https://www.indeed.com/rc/clk?jk=0a67dff16c0f2147&fccid=a3d4febf41ffb9d4&vjs=3,,2023-09-06
Frontend Engineer,"Frontend Engineers are an essential part of the Hive Data and Hive Enterprise products.
 Working closely with designers, product owners, and other engineers, we…",Hive,unknown,unknown,unknown,https://www.indeed.com/company/Hive/jobs/Front-End-Developer-020a498944cfc00d?fccid=5261110462a433d3&vjs=3,,2023-10-03
html Coder,"We have an ongoing need for HTML coders working offsite on a CONTRACT basis.
 Hand-write basic, clean html code on a contract basis.",Resmatic Inc.,unknown,unknown,unknown,https://www.indeed.com/rc/clk?jk=f987180e50415756&fccid=69d685166f3675d8&vjs=3,,2023-09-06
Frontend Software Engineer,"As a foundational member of our software engineering team, you'll work closely with our product, operations, data, and robotics teams to make Flow, our…",Hadrian,unknown,unknown,unknown,https://www.indeed.com/rc/clk?jk=2da116b785bc68c6&fccid=9534cbef124ed6b8&vjs=3,,2023-09-26
